{
  "bb84": {
    "backend": "numpy",
    "fpr@tpr95_qsvm": 0.296875,
    "kernel_backend": "pennylane",
    "qsvm": {
      "acc": 0.8746666666666667,
      "auc": 0.954105516194332
    },
    "svm_rbf": {
      "acc": 0.8773333333333333,
      "auc": 0.9413271761133604
    },
    "threshold": {
      "acc": 0.8613333333333333,
      "auc": 0.8796811740890689
    }
  }
}