{
  "bb84": {
    "backend": "numpy",
    "fpr@tpr95_qsvm": 0.296875,
    "kernel_backend": "pennylane",
    "qsvm": {
      "acc": 0.8746666666666667,
      "auc": 0.954105516194332
    },
    "svm_rbf": {
      "acc": 0.8773333333333333,
      "auc": 0.9413271761133604
    },
    "threshold": {
      "acc": 0.8613333333333333,
      "auc": 0.8796811740890689
    }
  },
  "kernel_bench": {
    "cudaq_available": false,
    "max_abs_diff_pl_vs_cirq": 1.7474430158426202e-07,
    "max_abs_diff_pl_vs_qiskit": 0.0
  },
  "odmr": {
    "kernel_backend": "pennylane",
    "qsvm": {
      "acc": 0.49,
      "auc": 0.41706682673069223
    },
    "svm_rbf": {
      "acc": 0.58,
      "auc": 0.5870348139255702
    }
  }
}