{
  "odmr": {
    "kernel_backend": "pennylane",
    "qsvm": {
      "acc": 0.49,
      "auc": 0.41706682673069223
    },
    "svm_rbf": {
      "acc": 0.575,
      "auc": 0.5871348539415767
    }
  }
}